{"x": [0, 1000, 2000, 3000, 4000, 5000, 6000, 7000, 8000, 9000, 10000], "f1": [0, 0.2241019982836827, 0.2024823058775259, 0.2028597880876453, 0.1821290380635292, 0.18587909552376558, 0.1856602380732675, 0.1893066313999622, 0.19721115537848605, 0.1883635680045117, 0.18709317463269481], "recall": [0, 0.836996336996337, 0.9038461538461539, 0.9029304029304029, 0.9267399267399268, 0.9221611721611722, 0.9212454212454212, 0.9175824175824175, 0.9065934065934066, 0.9175824175824175, 0.9212454212454212], "precision": [0, 0.12937013446567586, 0.11401178237264642, 0.11426584772279523, 0.10098792535675083, 0.10335625577337576, 0.10323242688558235, 0.10554034126816937, 0.11063924899418864, 0.10495443594846549, 0.10411922997309046], "accuracy": [0, 0.9632617995855416, 0.9548681453274744, 0.9550190685713954, 0.9472407167693139, 0.9487963871297301, 0.9487731681691269, 0.950183720025773, 0.9532137943844944, 0.9498760687977803, 0.9492549616016439], "time": [0, 0.015954017639160156, 0.01651787757873535, 0.016604900360107422, 0.01657390594482422, 0.01775383949279785, 0.01728534698486328, 0.017976045608520508, 0.01813817024230957, 0.018124818801879883, 0.020979881286621094]}