{"x": [0, 1000, 2000, 3000, 4000, 5000, 6000, 7000, 8000, 9000, 10000], "f1": [0, 0.2241019982836827, 0.2236473880597015, 0.2273050485897132, 0.22741764080765142, 0.22696365767878077, 0.22494458056236144, 0.2237146827234831, 0.22219663826847802, 0.22006841505131128, 0.2187817832523449], "recall": [0, 0.836996336996337, 0.8782051282051282, 0.8782051282051282, 0.8818681318681318, 0.8864468864468864, 0.8827838827838828, 0.8846153846153846, 0.8836996336996337, 0.8836996336996337, 0.8864468864468864], "precision": [0, 0.12937013446567586, 0.12814003206841262, 0.13054723659134224, 0.1305408702724685, 0.13014251142780317, 0.1288942371974863, 0.12804878048780488, 0.12707400579404793, 0.12568377181557697, 0.12479051179579734], "accuracy": [0, 0.9632617995855416, 0.961352040075926, 0.9621530942167373, 0.9620195851932688, 0.9617235434455776, 0.9614391111781881, 0.9610850220289888, 0.9607831755411469, 0.9602955773684791, 0.9598718313374702], "time": [9.5367431640625e-07, 0.02992391586303711, 0.04192829132080078, 0.042939186096191406, 0.04493594169616699, 0.04756593704223633, 0.0472867488861084, 0.04806804656982422, 0.048300981521606445, 0.04841184616088867, 0.04912424087524414]}