{"x": [0, 1000, 2000, 3000, 4000, 5000, 6000, 7000, 8000, 9000, 10000], "f1": [0, 0.0, 0.06028368794326241, 0.06713780918727916, 0.09233449477351917, 0.10051993067590988, 0.1119724375538329, 0.1184549356223176, 0.1184549356223176, 0.12286689419795221, 0.13277310924369748], "recall": [0, 0.0, 0.031135531135531136, 0.0347985347985348, 0.048534798534798536, 0.05311355311355311, 0.05952380952380952, 0.06318681318681318, 0.06318681318681318, 0.06593406593406594, 0.07234432234432235], "precision": [0, 0.0, 0.9444444444444444, 0.95, 0.9464285714285714, 0.9354838709677419, 0.9420289855072463, 0.9452054794520548, 0.9452054794520548, 0.9, 0.8061224489795918], "accuracy": [0, 0.9936612237553186, 0.9938469754401444, 0.9938701944007476, 0.9939514607628589, 0.9939746797234622, 0.9940153129045178, 0.994038531865121, 0.994038531865121, 0.9940327271249703, 0.9940095081643671], "time": [2.09808349609375e-05, 0.015032052993774414, 0.017807960510253906, 0.019041776657104492, 0.019377946853637695, 0.02029728889465332, 0.020743846893310547, 0.021611928939819336, 0.03063797950744629, 0.024131059646606445, 0.03708600997924805]}