{"x": [0, 1000, 2000, 3000, 4000, 5000, 6000, 7000, 8000, 9000, 10000], "f1": [0, 0.18731657522010975, 0.19004702194357367, 0.19497754185381788, 0.17416118989968868, 0.17655317655317657, 0.1728395061728395, 0.18055304536417857, 0.18762437221643136, 0.18423236514522823, 0.18140589569160998], "recall": [0, 0.6721611721611722, 0.8882783882783882, 0.8745421245421245, 0.9221611721611722, 0.9212454212454212, 0.9166666666666666, 0.9148351648351648, 0.9065934065934066, 0.9148351648351648, 0.9157509157509157], "precision": [0, 0.10882134914751668, 0.10640631856077226, 0.10971966911764706, 0.09616119174942704, 0.09763198757763975, 0.09541511771995044, 0.10016041708441949, 0.1046401014691893, 0.10243002153183636, 0.10067451927917044], "accuracy": [0, 0.9630296099795093, 0.9520064084331264, 0.9542238191707348, 0.9445647315597917, 0.9455283184248258, 0.9443847846151167, 0.9473626163124808, 0.9502359626871303, 0.9486454638858092, 0.9476122201389655], "time": [0, 0.014664888381958008, 0.015605926513671875, 0.015980958938598633, 0.01683807373046875, 0.01662898063659668, 0.018776893615722656, 0.016996145248413086, 0.017528057098388672, 0.01962590217590332, 0.019844770431518555]}